/Common/微信图片_20191207085812.min.png
/Common/进度条1.png
/Common/进度条2.png
/fileconfig.json
/GameMain.json
/index.html
/index.js
/js/bundle.js
/js/bundle.js.map
/libs/min/laya.ani.min.js
/libs/min/laya.core.min.js
/libs/min/laya.d3.min.js
/libs/min/laya.physics3D.min.js
/libs/min/laya.physics3D.runtime.min.js
/libs/min/laya.ui.min.js
/Lottery/BG_Menu.min.png
/Menu/12_0036_弹出页.png
/Menu/12_0050_图层-514.png
/Menu/好消息.png
/Menu/沙雕来一杆logo.min.png
/MoreGame/140矩形bg.png
/MoreGame/loadingBg.png
/MoreGame/短线条.png
/MoreGame/长线条.png
/Over/12_0016_圆角矩形-514.png
/Over/ckgg.png
/Over/圆角矩形 514.png
/Prefab/render_item.json
/res/atlas/Bag.atlas
/res/atlas/Bag.png
/res/atlas/ClickGetPrize.atlas
/res/atlas/ClickGetPrize.png
/res/atlas/Common.atlas
/res/atlas/Common.png
/res/atlas/Loading.atlas
/res/atlas/Loading.png
/res/atlas/Lottery.atlas
/res/atlas/Lottery.png
/res/atlas/Menu.atlas
/res/atlas/Menu.png
/res/atlas/Over.atlas
/res/atlas/Over.png
/res/atlas/Rank.atlas
/res/atlas/Rank.png
/res/atlas/TrySkin.atlas
/res/atlas/TrySkin.png
/res/loading.png
/res/logo.png
/res/沙雕来一杆loading.png
/res/进度条1.png
/res/进度条2.png
/subRes/ball/Conventional/Assets/efft/Materials/New Material 1.lmat
/subRes/ball/Conventional/Assets/efft/tite/tuowei.png
/subRes/ball/Conventional/Assets/FBX/FootBall-FootBall_0.lm
/subRes/ball/Conventional/Assets/FBX/FootBall-FootBall_1.lm
/subRes/ball/Conventional/Assets/FBX3/Afootball-Afootball_0.lm
/subRes/ball/Conventional/Assets/FBX3/Afootball-Afootball_1.lm
/subRes/ball/Conventional/Assets/FBX3/Bear_Head-Bear_Head_0.lm
/subRes/ball/Conventional/Assets/FBX3/Bear_Head-Bear_Head_1.lm
/subRes/ball/Conventional/Assets/FBX3/Bear_Head-Bear_Head_2.lm
/subRes/ball/Conventional/Assets/FBX3/Bear_Head-Bear_Head_3.lm
/subRes/ball/Conventional/Assets/FBX3/Bear_Head-Bear_Head_4.lm
/subRes/ball/Conventional/Assets/FBX3/Bear_Head-Bear_Head_5.lm
/subRes/ball/Conventional/Assets/FBX3/champi-champi_0.lm
/subRes/ball/Conventional/Assets/FBX3/champi-champi_1.lm
/subRes/ball/Conventional/Assets/FBX3/champi-champi_2.lm
/subRes/ball/Conventional/Assets/FBX3/champi-champi_3.lm
/subRes/ball/Conventional/Assets/FBX3/citrouille-citrouille_0.lm
/subRes/ball/Conventional/Assets/FBX3/citrouille-citrouille_1.lm
/subRes/ball/Conventional/Assets/FBX3/citrouille-citrouille_2.lm
/subRes/ball/Conventional/Assets/FBX3/Earth_Ground-Earth_Ground_0.lm
/subRes/ball/Conventional/Assets/FBX3/Earth_Water-Earth_Water_0.lm
/subRes/ball/Conventional/Assets/FBX3/pSphere1-pSphere1_0.lm
/subRes/ball/Conventional/Assets/FBX3/Sphere002-Sphere002_0.lm
/subRes/ball/Conventional/Assets/FBX3/Sphere002-Sphere002_1.lm
/subRes/ball/Conventional/Assets/FBX3/Sphere002-Sphere002_2.lm
/subRes/ball/Conventional/Assets/FBX3/VifDOr-VifDOr_0.lm
/subRes/ball/Conventional/Assets/Mat/dong.lmat
/subRes/ball/Conventional/Assets/Mat/qiu01.lmat
/subRes/ball/Conventional/Assets/Mat_3/qiu01.lmat
/subRes/ball/Conventional/Assets/Mat_3/qiu02.lmat
/subRes/ball/Conventional/Assets/Mat_3/qiu03.lmat
/subRes/ball/Conventional/Assets/Mat_3/qiu04.lmat
/subRes/ball/Conventional/Assets/Mat_3/qiu05.lmat
/subRes/ball/Conventional/Assets/Mat_3/qiu06.lmat
/subRes/ball/Conventional/Assets/Mat_3/qiu07.lmat
/subRes/ball/Conventional/Assets/Mat_3/qiu08.lmat
/subRes/ball/Conventional/Assets/Mat_3/qiu09.lmat
/subRes/ball/Conventional/Assets/Mat_3/water.lmat
/subRes/ball/Conventional/Assets/tex/TEtedeMort.jpg
/subRes/ball/Conventional/ball.lh
/subRes/ball/Conventional/Library/unity default resources-Sphere.lm
/subRes/ball/Conventional/Resources/unity_builtin_extra.lmat
/subRes/game.js
/subRes/json/appswitch.json
/subRes/json/levelConfig.json
/subRes/LayaScene_1/Conventional/1.ls
/subRes/LayaScene_1/Conventional/Assets/effect/Materials/baodian01_5.lmat
/subRes/LayaScene_1/Conventional/Assets/effect/Materials/baodian01_6.lmat
/subRes/LayaScene_1/Conventional/Assets/effect/Tex/shuibo.png
/subRes/LayaScene_1/Conventional/Assets/effect/Tex/shuibo2.png
/subRes/LayaScene_1/Conventional/Assets/efft/Materials/New Material 1.lmat
/subRes/LayaScene_1/Conventional/Assets/efft/Materials/New Material 2.lmat
/subRes/LayaScene_1/Conventional/Assets/efft/Materials/New Material 3.lmat
/subRes/LayaScene_1/Conventional/Assets/efft/Materials/New Material 5.lmat
/subRes/LayaScene_1/Conventional/Assets/efft/Materials/New Material.lmat
/subRes/LayaScene_1/Conventional/Assets/efft/tite/88c43317c7fcb98d4880fbe7ac64255db75bdf4c3f82-amGB9l.png
/subRes/LayaScene_1/Conventional/Assets/efft/tite/ac70d516cc42e891fa765eafceaea6f.png
/subRes/LayaScene_1/Conventional/Assets/efft/tite/tuowei.png
/subRes/LayaScene_1/Conventional/Assets/efft/tite/y.png
/subRes/LayaScene_1/Conventional/Assets/FBX/AmericanFlag-AmericanFlag_0.lm
/subRes/LayaScene_1/Conventional/Assets/FBX/Barre-Barre.lani
/subRes/LayaScene_1/Conventional/Assets/FBX/ChestAnimator-Box001_0.lm
/subRes/LayaScene_1/Conventional/Assets/FBX/ChestAnimator-Box001_1.lm
/subRes/LayaScene_1/Conventional/Assets/FBX/ChestAnimator-Box001_2.lm
/subRes/LayaScene_1/Conventional/Assets/FBX/ChestAnimator-Box002_0.lm
/subRes/LayaScene_1/Conventional/Assets/FBX/ChestAnimator-Box002_1.lm
/subRes/LayaScene_1/Conventional/Assets/FBX/ChestAnimator-Box003_0.lm
/subRes/LayaScene_1/Conventional/Assets/FBX/Club_Batte-Club_Batte_0.lm
/subRes/LayaScene_1/Conventional/Assets/FBX/Cut-Cut.lani
/subRes/LayaScene_1/Conventional/Assets/FBX/Cylinder-Cylinder_0.lm
/subRes/LayaScene_1/Conventional/Assets/FBX/flag002-flag002_0.lm
/subRes/LayaScene_1/Conventional/Assets/FBX/Ground002-Ground002_0.lm
/subRes/LayaScene_1/Conventional/Assets/FBX/Ground002-Ground002_1.lm
/subRes/LayaScene_1/Conventional/Assets/FBX/Ground05-Ground05_0.lm
/subRes/LayaScene_1/Conventional/Assets/FBX/Ground05-Ground05_1.lm
/subRes/LayaScene_1/Conventional/Assets/FBX/Ground1-Ground1_0.lm
/subRes/LayaScene_1/Conventional/Assets/FBX/Ground1-Ground1_1.lm
/subRes/LayaScene_1/Conventional/Assets/FBX/Ground3-Ground3_0.lm
/subRes/LayaScene_1/Conventional/Assets/FBX/Ground3-Ground3_1.lm
/subRes/LayaScene_1/Conventional/Assets/FBX/Ground4-Ground4_0.lm
/subRes/LayaScene_1/Conventional/Assets/FBX/Ground4-Ground4_1.lm
/subRes/LayaScene_1/Conventional/Assets/FBX/Ground6-Ground6_0.lm
/subRes/LayaScene_1/Conventional/Assets/FBX/Ground6-Ground6_1.lm
/subRes/LayaScene_1/Conventional/Assets/FBX/key-key.lani
/subRes/LayaScene_1/Conventional/Assets/FBX/Key-Key_0.lm
/subRes/LayaScene_1/Conventional/Assets/FBX/Materials/mubang.lmat
/subRes/LayaScene_1/Conventional/Assets/FBX/Materials/White.lmat
/subRes/LayaScene_1/Conventional/Assets/FBX/ObstacleBarre-CubeRed_0.lm
/subRes/LayaScene_1/Conventional/Assets/FBX/ObstacleBarre-CubeWhite_0.lm
/subRes/LayaScene_1/Conventional/Assets/FBX/ObstacleBarre-ObstacleBarre-ObstacleBarreAvatar.lav
/subRes/LayaScene_1/Conventional/Assets/FBX/ObstacleCut-CubeRed (1)_0.lm
/subRes/LayaScene_1/Conventional/Assets/FBX/ObstacleCut-CubeRed_0.lm
/subRes/LayaScene_1/Conventional/Assets/FBX/ObstacleCut-CubeWhite (1)_0.lm
/subRes/LayaScene_1/Conventional/Assets/FBX/ObstacleCut-CubeWhite_0.lm
/subRes/LayaScene_1/Conventional/Assets/FBX/ObstacleCut-ObstacleCut-ObstacleCutAvatar.lav
/subRes/LayaScene_1/Conventional/Assets/FBX/ObstacleStairs-CubeRed (1)_0.lm
/subRes/LayaScene_1/Conventional/Assets/FBX/ObstacleStairs-CubeRed (10)_0.lm
/subRes/LayaScene_1/Conventional/Assets/FBX/ObstacleStairs-CubeRed (2)_0.lm
/subRes/LayaScene_1/Conventional/Assets/FBX/ObstacleStairs-CubeRed (3)_0.lm
/subRes/LayaScene_1/Conventional/Assets/FBX/ObstacleStairs-CubeRed (4)_0.lm
/subRes/LayaScene_1/Conventional/Assets/FBX/ObstacleStairs-CubeRed (5)_0.lm
/subRes/LayaScene_1/Conventional/Assets/FBX/ObstacleStairs-CubeRed (6)_0.lm
/subRes/LayaScene_1/Conventional/Assets/FBX/ObstacleStairs-CubeRed (7)_0.lm
/subRes/LayaScene_1/Conventional/Assets/FBX/ObstacleStairs-CubeRed (8)_0.lm
/subRes/LayaScene_1/Conventional/Assets/FBX/ObstacleStairs-CubeRed (9)_0.lm
/subRes/LayaScene_1/Conventional/Assets/FBX/ObstacleStairs-CubeRed_0.lm
/subRes/LayaScene_1/Conventional/Assets/FBX/ObstacleStairs-ObstacleStairs-ObstacleStairsAvatar.lav
/subRes/LayaScene_1/Conventional/Assets/FBX/ObstacleTurnAround 1-CubeRed (1)_0.lm
/subRes/LayaScene_1/Conventional/Assets/FBX/ObstacleTurnAround 1-CubeRed (2)_0.lm
/subRes/LayaScene_1/Conventional/Assets/FBX/ObstacleTurnAround 1-CubeRed (3)_0.lm
/subRes/LayaScene_1/Conventional/Assets/FBX/ObstacleTurnAround 1-CubeRed (4)_0.lm
/subRes/LayaScene_1/Conventional/Assets/FBX/ObstacleTurnAround 1-CubeRed (5)_0.lm
/subRes/LayaScene_1/Conventional/Assets/FBX/ObstacleTurnAround 1-CubeRed_0.lm
/subRes/LayaScene_1/Conventional/Assets/FBX/ObstacleTurnAround 1-CubeWhite (1)_0.lm
/subRes/LayaScene_1/Conventional/Assets/FBX/ObstacleTurnAround 1-CubeWhite (2)_0.lm
/subRes/LayaScene_1/Conventional/Assets/FBX/ObstacleTurnAround 1-CubeWhite (3)_0.lm
/subRes/LayaScene_1/Conventional/Assets/FBX/ObstacleTurnAround 1-CubeWhite (4)_0.lm
/subRes/LayaScene_1/Conventional/Assets/FBX/ObstacleTurnAround 1-CubeWhite (5)_0.lm
/subRes/LayaScene_1/Conventional/Assets/FBX/ObstacleTurnAround 1-CubeWhite_0.lm
/subRes/LayaScene_1/Conventional/Assets/FBX/ObstacleTurnAround 1-ObstacleTurnAround 1.lani
/subRes/LayaScene_1/Conventional/Assets/FBX/ObstacleTurnAround-CubeRed (1)_0.lm
/subRes/LayaScene_1/Conventional/Assets/FBX/ObstacleTurnAround-CubeRed_0.lm
/subRes/LayaScene_1/Conventional/Assets/FBX/ObstacleTurnAround-CubeWhite (1)_0.lm
/subRes/LayaScene_1/Conventional/Assets/FBX/ObstacleTurnAround-CubeWhite_0.lm
/subRes/LayaScene_1/Conventional/Assets/FBX/ObstacleTurnAround-ObstacleTurnAround.lani
/subRes/LayaScene_1/Conventional/Assets/FBX/Player-Apocalypse_Hat_001.lm
/subRes/LayaScene_1/Conventional/Assets/FBX/Player-CapHelix_Base_004.lm
/subRes/LayaScene_1/Conventional/Assets/FBX/Player-Celebrate.lani
/subRes/LayaScene_1/Conventional/Assets/FBX/Player-Cowboy_Hat_001.lm
/subRes/LayaScene_1/Conventional/Assets/FBX/Player-Dismay.lani
/subRes/LayaScene_1/Conventional/Assets/FBX/Player-Football_Helmet_001.lm
/subRes/LayaScene_1/Conventional/Assets/FBX/Player-Idle.lani
/subRes/LayaScene_1/Conventional/Assets/FBX/Player-LowDesorbPowerUp.lani
/subRes/LayaScene_1/Conventional/Assets/FBX/Player-Luffy_Hat_001.lm
/subRes/LayaScene_1/Conventional/Assets/FBX/Player-MaxDesorbPowerUp.lani
/subRes/LayaScene_1/Conventional/Assets/FBX/Player-MiddleDesorbPowerUp.lani
/subRes/LayaScene_1/Conventional/Assets/FBX/Player-Player-PlayerAvatar.lav
/subRes/LayaScene_1/Conventional/Assets/FBX/Player-Punk_Hair_001.lm
/subRes/LayaScene_1/Conventional/Assets/FBX/Player-Ranger_Head_001.lm
/subRes/LayaScene_1/Conventional/Assets/FBX/Player-Sphere001_001.lm
/subRes/LayaScene_1/Conventional/Assets/FBX/Player-StoragePower.lani
/subRes/LayaScene_1/Conventional/Assets/FBX/Player-TopHat_002.lm
/subRes/LayaScene_1/Conventional/Assets/FBX/qizi-hoop002_0.lm
/subRes/LayaScene_1/Conventional/Assets/FBX/qizi-qizi-qiziAvatar.lav
/subRes/LayaScene_1/Conventional/Assets/FBX/qizi-Take 001.lani
/subRes/LayaScene_1/Conventional/Assets/FBX/qizi-对象001.lm
/subRes/LayaScene_1/Conventional/Assets/FBX/Stairs-Stairs.lani
/subRes/LayaScene_1/Conventional/Assets/FBX/wudao-wudao.lani
/subRes/LayaScene_1/Conventional/Assets/FBX2/AK-47-AK-47_0.lm
/subRes/LayaScene_1/Conventional/Assets/FBX2/AK-47-AK-47_1.lm
/subRes/LayaScene_1/Conventional/Assets/FBX2/Balais-Balais_0.lm
/subRes/LayaScene_1/Conventional/Assets/FBX2/Balais-Balais_1.lm
/subRes/LayaScene_1/Conventional/Assets/FBX2/Balais-Balais_2.lm
/subRes/LayaScene_1/Conventional/Assets/FBX2/FishStick-FishStick_0.lm
/subRes/LayaScene_1/Conventional/Assets/FBX2/FishStick-FishStick_1.lm
/subRes/LayaScene_1/Conventional/Assets/FBX2/FishStick-FishStick_2.lm
/subRes/LayaScene_1/Conventional/Assets/FBX2/FishStick-FishStick_3.lm
/subRes/LayaScene_1/Conventional/Assets/FBX2/FishStick-FishStick_4.lm
/subRes/LayaScene_1/Conventional/Assets/FBX2/Flower-Flower_0.lm
/subRes/LayaScene_1/Conventional/Assets/FBX2/Flower-Flower_1.lm
/subRes/LayaScene_1/Conventional/Assets/FBX2/Flower-Flower_2.lm
/subRes/LayaScene_1/Conventional/Assets/FBX2/Flower-Flower_3.lm
/subRes/LayaScene_1/Conventional/Assets/FBX2/keyBoard-keyBoard_0.lm
/subRes/LayaScene_1/Conventional/Assets/FBX2/keyBoard-keyBoard_1.lm
/subRes/LayaScene_1/Conventional/Assets/FBX2/keyBoard-keyBoard_2.lm
/subRes/LayaScene_1/Conventional/Assets/FBX2/keyBoard-keyBoard_3.lm
/subRes/LayaScene_1/Conventional/Assets/FBX2/keyBoard-keyBoard_4.lm
/subRes/LayaScene_1/Conventional/Assets/FBX2/keyBoard-keyBoard_5.lm
/subRes/LayaScene_1/Conventional/Assets/FBX2/KeyMolette-KeyMolette_0.lm
/subRes/LayaScene_1/Conventional/Assets/FBX2/Lampadaire-Lampadaire_0.lm
/subRes/LayaScene_1/Conventional/Assets/FBX2/Lampadaire-Lampadaire_1.lm
/subRes/LayaScene_1/Conventional/Assets/FBX2/lazersabre-lazersabre_0.lm
/subRes/LayaScene_1/Conventional/Assets/FBX2/lazersabre-lazersabre_1.lm
/subRes/LayaScene_1/Conventional/Assets/FBX2/lazersabre-lazersabre_2.lm
/subRes/LayaScene_1/Conventional/Assets/FBX2/lazersabre-lazersabre_3.lm
/subRes/LayaScene_1/Conventional/Assets/FBX2/LongueVue-LongueVue_0.lm
/subRes/LayaScene_1/Conventional/Assets/FBX2/LongueVue-LongueVue_1.lm
/subRes/LayaScene_1/Conventional/Assets/FBX2/MagicStick-MagicStick_0.lm
/subRes/LayaScene_1/Conventional/Assets/FBX2/MagicStick-MagicStick_1.lm
/subRes/LayaScene_1/Conventional/Assets/FBX2/masse-masse_0.lm
/subRes/LayaScene_1/Conventional/Assets/FBX2/masse-masse_1.lm
/subRes/LayaScene_1/Conventional/Assets/FBX2/masse-masse_2.lm
/subRes/LayaScene_1/Conventional/Assets/FBX2/poireau-poireau_0.lm
/subRes/LayaScene_1/Conventional/Assets/FBX2/poireau-poireau_1.lm
/subRes/LayaScene_1/Conventional/Assets/FBX2/poireau-poireau_2.lm
/subRes/LayaScene_1/Conventional/Assets/FBX2/poireau-poireau_3.lm
/subRes/LayaScene_1/Conventional/Assets/FBX2/sabre-sabre_0.lm
/subRes/LayaScene_1/Conventional/Assets/FBX2/sabre-sabre_1.lm
/subRes/LayaScene_1/Conventional/Assets/FBX2/sabre-sabre_2.lm
/subRes/LayaScene_1/Conventional/Assets/FBX2/sabre-sabre_3.lm
/subRes/LayaScene_1/Conventional/Assets/FBX2/sabre-sabre_4.lm
/subRes/LayaScene_1/Conventional/Assets/FBX2/Sceptre-Sceptre_0.lm
/subRes/LayaScene_1/Conventional/Assets/FBX2/Sceptre-Sceptre_1.lm
/subRes/LayaScene_1/Conventional/Assets/FBX2/Spoon-Spoon_0.lm
/subRes/LayaScene_1/Conventional/Assets/FBX2/sword-sword_0.lm
/subRes/LayaScene_1/Conventional/Assets/FBX2/sword-sword_1.lm
/subRes/LayaScene_1/Conventional/Assets/FBX2/sword-sword_2.lm
/subRes/LayaScene_1/Conventional/Assets/FBX2/Tree-Tree_0.lm
/subRes/LayaScene_1/Conventional/Assets/FBX2/Tree-Tree_1.lm
/subRes/LayaScene_1/Conventional/Assets/FBX2/trident-trident_0.lm
/subRes/LayaScene_1/Conventional/Assets/FBX2/trident-trident_1.lm
/subRes/LayaScene_1/Conventional/Assets/FBX2/trident-trident_2.lm
/subRes/LayaScene_1/Conventional/Assets/FBX2/umbrella-umbrella_0.lm
/subRes/LayaScene_1/Conventional/Assets/FBX2/umbrella-umbrella_1.lm
/subRes/LayaScene_1/Conventional/Assets/FBX2/umbrella-umbrella_2.lm
/subRes/LayaScene_1/Conventional/Assets/FBX2/umbrella-umbrella_3.lm
/subRes/LayaScene_1/Conventional/Assets/FBX2/umbrella-umbrella_4.lm
/subRes/LayaScene_1/Conventional/Assets/FBX2/ventouse-ventouse_0.lm
/subRes/LayaScene_1/Conventional/Assets/FBX2/ventouse-ventouse_1.lm
/subRes/LayaScene_1/Conventional/Assets/Mat/cj04_dm.lmat
/subRes/LayaScene_1/Conventional/Assets/Mat/dimian01.lmat
/subRes/LayaScene_1/Conventional/Assets/Mat/dimian02.lmat
/subRes/LayaScene_1/Conventional/Assets/Mat/dimian03.lmat
/subRes/LayaScene_1/Conventional/Assets/Mat/dimian04.lmat
/subRes/LayaScene_1/Conventional/Assets/Mat/dimian05.lmat
/subRes/LayaScene_1/Conventional/Assets/Mat/dimian06.lmat
/subRes/LayaScene_1/Conventional/Assets/Mat/dimian07.lmat
/subRes/LayaScene_1/Conventional/Assets/Mat/dong.lmat
/subRes/LayaScene_1/Conventional/Assets/Mat/guangquan.lmat
/subRes/LayaScene_1/Conventional/Assets/Mat/huangguan.lmat
/subRes/LayaScene_1/Conventional/Assets/Mat/Material _26.lmat
/subRes/LayaScene_1/Conventional/Assets/Mat/Material _38.lmat
/subRes/LayaScene_1/Conventional/Assets/Mat/propsRed.lmat
/subRes/LayaScene_1/Conventional/Assets/Mat/qi.lmat
/subRes/LayaScene_1/Conventional/Assets/Mat/qi02.lmat
/subRes/LayaScene_1/Conventional/Assets/Mat/qigan.lmat
/subRes/LayaScene_1/Conventional/Assets/Mat/shui.lmat
/subRes/LayaScene_1/Conventional/Assets/Mat/sky02.lmat
/subRes/LayaScene_1/Conventional/Assets/Mat/sky03.lmat
/subRes/LayaScene_1/Conventional/Assets/Mat/sky04.lmat
/subRes/LayaScene_1/Conventional/Assets/Mat/sky05.lmat
/subRes/LayaScene_1/Conventional/Assets/Mat/sky07.lmat
/subRes/LayaScene_1/Conventional/Assets/Mat/tietu.lmat
/subRes/LayaScene_1/Conventional/Assets/Mat/Trophee.lmat
/subRes/LayaScene_1/Conventional/Assets/Mat/White 1.lmat
/subRes/LayaScene_1/Conventional/Assets/Mat_2/qiugan_1.lmat
/subRes/LayaScene_1/Conventional/Assets/Mat_2/qiugan_10.lmat
/subRes/LayaScene_1/Conventional/Assets/Mat_2/qiugan_11.lmat
/subRes/LayaScene_1/Conventional/Assets/Mat_2/qiugan_12.lmat
/subRes/LayaScene_1/Conventional/Assets/Mat_2/qiugan_13.lmat
/subRes/LayaScene_1/Conventional/Assets/Mat_2/qiugan_14.lmat
/subRes/LayaScene_1/Conventional/Assets/Mat_2/qiugan_15.lmat
/subRes/LayaScene_1/Conventional/Assets/Mat_2/qiugan_16.lmat
/subRes/LayaScene_1/Conventional/Assets/Mat_2/qiugan_17.lmat
/subRes/LayaScene_1/Conventional/Assets/Mat_2/qiugan_18.lmat
/subRes/LayaScene_1/Conventional/Assets/Mat_2/qiugan_2.lmat
/subRes/LayaScene_1/Conventional/Assets/Mat_2/qiugan_3.lmat
/subRes/LayaScene_1/Conventional/Assets/Mat_2/qiugan_4.lmat
/subRes/LayaScene_1/Conventional/Assets/Mat_2/qiugan_5.lmat
/subRes/LayaScene_1/Conventional/Assets/Mat_2/qiugan_6.lmat
/subRes/LayaScene_1/Conventional/Assets/Mat_2/qiugan_7.lmat
/subRes/LayaScene_1/Conventional/Assets/Mat_2/qiugan_8.lmat
/subRes/LayaScene_1/Conventional/Assets/Mat_2/qiugan_9.lmat
/subRes/LayaScene_1/Conventional/Assets/tex/gezi.jpg
/subRes/LayaScene_1/Conventional/Assets/tex/Grass.jpg
/subRes/LayaScene_1/Conventional/Assets/tex/quan.png
/subRes/LayaScene_1/Conventional/Assets/tex/road.jpg
/subRes/LayaScene_1/Conventional/Assets/tex/tiank.jpg
/subRes/LayaScene_1/Conventional/Assets/tex/zhujue_ALL.jpg
/subRes/LayaScene_1/Conventional/Assets/zy/Animator/TreasureBox/TreasureBox-TreasureBox.lani
/subRes/LayaScene_1/Conventional/Library/unity default resources-Cube.lm
/subRes/LayaScene_1/Conventional/Library/unity default resources-Cylinder.lm
/subRes/LayaScene_1/Conventional/Library/unity default resources-Plane.lm
/subRes/LayaScene_1/Conventional/Library/unity default resources-Sphere.lm
/subRes/LayaScene_1/Conventional/Resources/unity_builtin_extra.lmat
/subRes/main.js
/subRes/propsLogo/ball0.png
/subRes/propsLogo/ball1.png
/subRes/propsLogo/ball2.png
/subRes/propsLogo/ball3.png
/subRes/propsLogo/ball4.png
/subRes/propsLogo/ball5.png
/subRes/propsLogo/ball6.png
/subRes/propsLogo/ball7.png
/subRes/propsLogo/club0.png
/subRes/propsLogo/club1.png
/subRes/propsLogo/club10.png
/subRes/propsLogo/club11.png
/subRes/propsLogo/club12.png
/subRes/propsLogo/club13.png
/subRes/propsLogo/club14.png
/subRes/propsLogo/club15.png
/subRes/propsLogo/club16.png
/subRes/propsLogo/club17.png
/subRes/propsLogo/club18.png
/subRes/propsLogo/club19.png
/subRes/propsLogo/club2.png
/subRes/propsLogo/club3.png
/subRes/propsLogo/club4.png
/subRes/propsLogo/club5.png
/subRes/propsLogo/club6.png
/subRes/propsLogo/club7.png
/subRes/propsLogo/club8.png
/subRes/propsLogo/club9.png
/subRes/propsLogo/people0.png
/subRes/propsLogo/people1.png
/subRes/propsLogo/people2.png
/subRes/propsLogo/people3.png
/subRes/propsLogo/people4.png
/subRes/propsLogo/people5.png
/subRes/propsLogo/people6.png
/subRes/propsLogo/people7.png
/subRes/propsLogo/people8.png
/subRes/res/atlas/Bag.atlas
/subRes/res/atlas/Bag.png
/subRes/res/atlas/ClickGetPrize.atlas
/subRes/res/atlas/ClickGetPrize.png
/subRes/res/atlas/Common.atlas
/subRes/res/atlas/Common.png
/subRes/res/atlas/Loading.atlas
/subRes/res/atlas/Loading.png
/subRes/res/atlas/Lottery.atlas
/subRes/res/atlas/Lottery.png
/subRes/res/atlas/Menu.atlas
/subRes/res/atlas/Menu.png
/subRes/res/atlas/MoreGame.atlas
/subRes/res/atlas/MoreGame.png
/subRes/res/atlas/Over.atlas
/subRes/res/atlas/Over.png
/subRes/res/atlas/Rank.atlas
/subRes/res/atlas/Rank.png
/subRes/res/atlas/TrySkin.atlas
/subRes/res/atlas/TrySkin.png
/subRes/sdlyg_share.png
/subRes/sound/加星.wav
/subRes/sound/得到金币.wav
/subRes/sound/按钮.wav
/subRes/sound/游戏失败.wav
/subRes/sound/游戏胜利.wav
/subRes/sound/球掉进洞里.wav
/subRes/sound/球撞到墙上.wav
/subRes/sound/皮肤界面按钮.wav
/subRes/sound/解锁新皮肤.wav
/subRes/sound/高尔夫挥杆.wav
/subRes/stage/Conventional/Assets/FBX/beach_palm-beach_palm_0.lm
/subRes/stage/Conventional/Assets/FBX/beach_ring-beach_ring_0.lm
/subRes/stage/Conventional/Assets/FBX/beach_sand-beach_sand_0.lm
/subRes/stage/Conventional/Assets/FBX/beach_surfboard-beach_surfboard_0.lm
/subRes/stage/Conventional/Assets/FBX/beach_umbrella-beach_umbrella_0.lm
/subRes/stage/Conventional/Assets/FBX/beach_van-beach_van_0.lm
/subRes/stage/Conventional/Assets/FBX/cactus_big-cactus_big_0.lm
/subRes/stage/Conventional/Assets/FBX/cliff-cliff_0.lm
/subRes/stage/Conventional/Assets/FBX/cliff_zs-cliff_zs.lm
/subRes/stage/Conventional/Assets/FBX/cloud-cloud_0.lm
/subRes/stage/Conventional/Assets/FBX/floor_asphalt-floor_asphalt_0.lm
/subRes/stage/Conventional/Assets/FBX/floor_water-floor_water_0.lm
/subRes/stage/Conventional/Assets/FBX/moon_rock-moon_rock_0.lm
/subRes/stage/Conventional/Assets/FBX/plane-Plane001.lm
/subRes/stage/Conventional/Assets/FBX/SM_Env_Bush_04-SM_Env_Bush_04_0.lm
/subRes/stage/Conventional/Assets/FBX/SM_Prop_Pool_Float_Ring_03-SM_Prop_Pool_Float_Ring_03_0.lm
/subRes/stage/Conventional/Assets/FBX/SM_Prop_Pool_Float_Ring_04-SM_Prop_Pool_Float_Ring_04_0.lm
/subRes/stage/Conventional/Assets/FBX/zuanshi)ss-zuanshi)ss.lani
/subRes/stage/Conventional/Assets/Mat/cj04_dm.lmat
/subRes/stage/Conventional/Assets/Materials/BJ01.lmat
/subRes/stage/Conventional/Assets/Materials/BJ01_B.lmat
/subRes/stage/Conventional/Assets/Materials/BJ03.lmat
/subRes/stage/Conventional/Assets/Materials/BJ04.lmat
/subRes/stage/Conventional/Assets/Materials/caihong.lmat
/subRes/stage/Conventional/Assets/Materials/cj01.lmat
/subRes/stage/Conventional/Assets/Materials/cj01_A.lmat
/subRes/stage/Conventional/Assets/Materials/cj02.lmat
/subRes/stage/Conventional/Assets/Materials/cj03.lmat
/subRes/stage/Conventional/Assets/Materials/cj04_A.lmat
/subRes/stage/Conventional/Assets/Materials/cloud.lmat
/subRes/stage/Conventional/Assets/Materials/quan.lmat
/subRes/stage/Conventional/Assets/Materials/yazi.lmat
/subRes/stage/Conventional/Assets/Materials/zuanshi.lmat
/subRes/stage/Conventional/Assets/Textures/BJ01.jpg
/subRes/stage/Conventional/Assets/Textures/BJ03.jpg
/subRes/stage/Conventional/Assets/Textures/caihong.png
/subRes/stage/Conventional/Assets/Textures/madsColors.png
/subRes/stage/Conventional/Assets/Textures/PolygonTown_Texture_01_A.jpg
/subRes/stage/Conventional/Assets/zy/Mesh/desert_floor-desert_floor_0.lm
/subRes/stage/Conventional/stage.lh
/subRes/View/BagView.json
/subRes/View/EnterGamePop.json
/subRes/View/GameView.json
/subRes/View/LotteryView.json
/subRes/View/MenuView.json
/subRes/View/MoreGame.json
/subRes/View/MoreGameView.json
/subRes/View/MoreGameView2.json
/subRes/View/NativeView.json
/subRes/View/OverDeriveView.json
/subRes/View/OverView.json
/subRes/View/RankView.json
/subRes/View/ReliveView.json
/subRes/View/SideAdView.json
/subRes/View/TrySkinView.json
/TrySkin/皮肤试用.min.png
/TrySkin/试用皮肤bg.min.png
/utils/qq/ald-game-conf.js
/utils/qq/ald-game.js
/utils/wx/ald-game-conf.js
/utils/wx/ald-game.js
/version.json
/View/ClickGetPrize.json
/View/Loading.json
/View/MenuView.json
/View/TipsView.json
/View/UniversalBottomZone.json