/ClickGetPrize/NewProject.sk
/ClickGetPrize/quanji.sk
/fileconfig.json
/GameMain.json
/index.html
/index.js
/js/bundle.js
/js/bundle.js.map
/libs/min/laya.ani.min.js
/libs/min/laya.core.min.js
/libs/min/laya.d3.min.js
/libs/min/laya.physics3D.min.js
/libs/min/laya.physics3D.runtime.min.js
/libs/min/laya.ui.min.js
/Loading/Juxing.png
/Loading/loadingshangtiao.png
/Loading/loadingxiatiao.png
/Loading/Logo.png
/Loading/ziyuanjiazaizhong.png
/subRes/Ani/NewProject.png
/subRes/Ani/NewProject.sk
/subRes/atlas/ClickGetPrize.atlas
/subRes/atlas/ClickGetPrize.png
/subRes/atlas/comp.atlas
/subRes/atlas/comp.png
/subRes/atlas/KRQ.atlas
/subRes/atlas/KRQ.png
/subRes/atlas/MyRes.atlas
/subRes/atlas/MyRes.png
/subRes/atlas/Template.atlas
/subRes/atlas/Template.png
/subRes/game.js
/subRes/Icon/SkinIcon (0).png
/subRes/Icon/SkinIcon (1).png
/subRes/Icon/SkinIcon (2).png
/subRes/Icon/SkinIcon (3).png
/subRes/Icon/SkinIcon (4).png
/subRes/Icon/SkinIcon (5).png
/subRes/Icon/SkinIcon (6).png
/subRes/Icon/SkinIcon (7).png
/subRes/json/appswitch.json
/subRes/json/storeconfig.json
/subRes/LayaScene/Conventional/1.ls
/subRes/LayaScene/Conventional/10.ls
/subRes/LayaScene/Conventional/11.ls
/subRes/LayaScene/Conventional/12.ls
/subRes/LayaScene/Conventional/13.ls
/subRes/LayaScene/Conventional/14.ls
/subRes/LayaScene/Conventional/15.ls
/subRes/LayaScene/Conventional/16.ls
/subRes/LayaScene/Conventional/17.ls
/subRes/LayaScene/Conventional/18.ls
/subRes/LayaScene/Conventional/19.ls
/subRes/LayaScene/Conventional/2.ls
/subRes/LayaScene/Conventional/20.ls
/subRes/LayaScene/Conventional/3.ls
/subRes/LayaScene/Conventional/4.ls
/subRes/LayaScene/Conventional/5.ls
/subRes/LayaScene/Conventional/6.ls
/subRes/LayaScene/Conventional/7.ls
/subRes/LayaScene/Conventional/8.ls
/subRes/LayaScene/Conventional/9.ls
/subRes/LayaScene/Conventional/Assets/Ani/Collision-Collision.lani
/subRes/LayaScene/Conventional/Assets/Ani/Hammer - 副本-Hammer - 副本.lani
/subRes/LayaScene/Conventional/Assets/Ani/Hammer-Hammer.lani
/subRes/LayaScene/Conventional/Assets/Ani/Hit-Hit.lani
/subRes/LayaScene/Conventional/Assets/Ani/Idle-Idle.lani
/subRes/LayaScene/Conventional/Assets/Ani/Medicalkit-Medicalkit.lani
/subRes/LayaScene/Conventional/Assets/Ani/qingzhu-qingzhu.lani
/subRes/LayaScene/Conventional/Assets/Ani/qingzhu02-qingzhu02.lani
/subRes/LayaScene/Conventional/Assets/Ani/shibai-shibai.lani
/subRes/LayaScene/Conventional/Assets/Ani/Shoe-Shoe.lani
/subRes/LayaScene/Conventional/Assets/Ani/Sphere-Sphere.lani
/subRes/LayaScene/Conventional/Assets/Effects/Animations/anim_gh_01-anim_gh_01.lani
/subRes/LayaScene/Conventional/Assets/Effects/Animations/anim_xy_01-anim_xy_01.lani
/subRes/LayaScene/Conventional/Assets/Effects/Materials/Mat_cylin_01.lmat
/subRes/LayaScene/Conventional/Assets/Effects/Materials/Mat_cylin_02.lmat
/subRes/LayaScene/Conventional/Assets/Effects/Materials/Mat_cylin_03.lmat
/subRes/LayaScene/Conventional/Assets/Effects/Materials/Mat_gold_01.lmat
/subRes/LayaScene/Conventional/Assets/Effects/Materials/Mat_gold_02.lmat
/subRes/LayaScene/Conventional/Assets/Effects/Materials/Mat_gold_03.lmat
/subRes/LayaScene/Conventional/Assets/Effects/Materials/Mat_gold_04.lmat
/subRes/LayaScene/Conventional/Assets/Effects/Materials/Mat_gold_05.lmat
/subRes/LayaScene/Conventional/Assets/Effects/Materials/Mat_smoke_01.lmat
/subRes/LayaScene/Conventional/Assets/Effects/Models/yuanzhu-Cylinder001.lm
/subRes/LayaScene/Conventional/Assets/Effects/Textures/00000008.png
/subRes/LayaScene/Conventional/Assets/Effects/Textures/000000724.jpg
/subRes/LayaScene/Conventional/Assets/Effects/Textures/glow_00114.png
/subRes/LayaScene/Conventional/Assets/Effects/Textures/Glo_0030.png
/subRes/LayaScene/Conventional/Assets/Effects/Textures/jianbian.png
/subRes/LayaScene/Conventional/Assets/Effects/Textures/jianbian_02.png
/subRes/LayaScene/Conventional/Assets/Effects/Textures/start_01.png
/subRes/LayaScene/Conventional/Assets/Effects/Textures/tex_wh.png
/subRes/LayaScene/Conventional/Assets/Materials/Enemy/ms_Enemy_02_01.lmat
/subRes/LayaScene/Conventional/Assets/Materials/Enemy/ms_Enemy_02_02.lmat
/subRes/LayaScene/Conventional/Assets/Materials/Fence/sc_Fence_03.lmat
/subRes/LayaScene/Conventional/Assets/Materials/Floor/sc_Floor_01.lmat
/subRes/LayaScene/Conventional/Assets/Materials/Floor/sc_Floor_02.lmat
/subRes/LayaScene/Conventional/Assets/Materials/Floor/sc_Floor_03.lmat
/subRes/LayaScene/Conventional/Assets/Materials/Floor/sc_Ground_01.lmat
/subRes/LayaScene/Conventional/Assets/Materials/Floor/sc_Ground_02.lmat
/subRes/LayaScene/Conventional/Assets/Materials/Floor/sc_Ground_03.lmat
/subRes/LayaScene/Conventional/Assets/Materials/Hat/hm_b10_head_03.lmat
/subRes/LayaScene/Conventional/Assets/Materials/Hat/hm_b10_head_04.lmat
/subRes/LayaScene/Conventional/Assets/Materials/Hat/hm_b13_head_02.lmat
/subRes/LayaScene/Conventional/Assets/Materials/Hat/hm_b18_head_01.lmat
/subRes/LayaScene/Conventional/Assets/Materials/Hat/hm_b23_head_01.lmat
/subRes/LayaScene/Conventional/Assets/Materials/Hat/hm_b23_head_02.lmat
/subRes/LayaScene/Conventional/Assets/Materials/Hat/hm_b23_head_03.lmat
/subRes/LayaScene/Conventional/Assets/Materials/Hat/hm_b25_head_01.lmat
/subRes/LayaScene/Conventional/Assets/Materials/Hat/hm_b26_head_01.lmat
/subRes/LayaScene/Conventional/Assets/Materials/Hat/hm_b26_head_02.lmat
/subRes/LayaScene/Conventional/Assets/Materials/Hat/hm_b4_head_04.lmat
/subRes/LayaScene/Conventional/Assets/Materials/House/sc_House_01.lmat
/subRes/LayaScene/Conventional/Assets/Materials/ms_Enemy_01.lmat
/subRes/LayaScene/Conventional/Assets/Materials/ms_Enemy_02.lmat
/subRes/LayaScene/Conventional/Assets/Materials/Player/hm_Player_01.lmat
/subRes/LayaScene/Conventional/Assets/Materials/Player/hm_Player_02.lmat
/subRes/LayaScene/Conventional/Assets/Materials/Player/hm_Player_03.lmat
/subRes/LayaScene/Conventional/Assets/Materials/Player/hm_Player_04.lmat
/subRes/LayaScene/Conventional/Assets/Materials/Player/hm_Player_05.lmat
/subRes/LayaScene/Conventional/Assets/Materials/Player/hm_Player_06.lmat
/subRes/LayaScene/Conventional/Assets/Materials/Player/hm_Player_07.lmat
/subRes/LayaScene/Conventional/Assets/Materials/Player/hm_Player_08.lmat
/subRes/LayaScene/Conventional/Assets/Materials/PR/pr_Object_01.lmat
/subRes/LayaScene/Conventional/Assets/Materials/PR/pr_Object_02.lmat
/subRes/LayaScene/Conventional/Assets/Materials/PR/pr_Object_03.lmat
/subRes/LayaScene/Conventional/Assets/Materials/PR/pr_Object_06.lmat
/subRes/LayaScene/Conventional/Assets/Materials/PR/pr_Object_09.lmat
/subRes/LayaScene/Conventional/Assets/Materials/PR/pr_Object_10.lmat
/subRes/LayaScene/Conventional/Assets/Materials/pr_Box_01.lmat
/subRes/LayaScene/Conventional/Assets/Materials/pr_chest_01.lmat
/subRes/LayaScene/Conventional/Assets/Materials/pr_chest_02.lmat
/subRes/LayaScene/Conventional/Assets/Materials/pr_Coin.lmat
/subRes/LayaScene/Conventional/Assets/Materials/pr_Diamond.lmat
/subRes/LayaScene/Conventional/Assets/Materials/pr_key.lmat
/subRes/LayaScene/Conventional/Assets/Materials/pr_Mail_01.lmat
/subRes/LayaScene/Conventional/Assets/Materials/pr_MedicalKit.lmat
/subRes/LayaScene/Conventional/Assets/Materials/pr_Sphere_01.lmat
/subRes/LayaScene/Conventional/Assets/Materials/pr_trees_01.lmat
/subRes/LayaScene/Conventional/Assets/Materials/sc_castle_brick_01.lmat
/subRes/LayaScene/Conventional/Assets/Materials/sc_EndCylinder.lmat
/subRes/LayaScene/Conventional/Assets/Materials/sc_Fence_01.lmat
/subRes/LayaScene/Conventional/Assets/Materials/sc_Fence_02.lmat
/subRes/LayaScene/Conventional/Assets/Materials/sc_Hammer_03.lmat
/subRes/LayaScene/Conventional/Assets/Materials/sc_House_02.lmat
/subRes/LayaScene/Conventional/Assets/Materials/sc_Rock_01.lmat
/subRes/LayaScene/Conventional/Assets/Materials/sc_Rock_02.lmat
/subRes/LayaScene/Conventional/Assets/Materials/sc_Stab.lmat
/subRes/LayaScene/Conventional/Assets/Materials/Shoe/Part_01.lmat
/subRes/LayaScene/Conventional/Assets/Materials/Shoe/Part_02.lmat
/subRes/LayaScene/Conventional/Assets/Materials/Shoe/Part_03.lmat
/subRes/LayaScene/Conventional/Assets/Materials/Shoe/Part_04.lmat
/subRes/LayaScene/Conventional/Assets/Materials/Streetilight/Part_01.lmat
/subRes/LayaScene/Conventional/Assets/Materials/Streetilight/Part_02.lmat
/subRes/LayaScene/Conventional/Assets/Materials/Streetilight/Part_03.lmat
/subRes/LayaScene/Conventional/Assets/Materials/Streetilight/Part_04.lmat
/subRes/LayaScene/Conventional/Assets/Materials/Streetilight/Part_05.lmat
/subRes/LayaScene/Conventional/Assets/Materials/Tree/AppleTree_01.lmat
/subRes/LayaScene/Conventional/Assets/Materials/Tree/AppleTree_02.lmat
/subRes/LayaScene/Conventional/Assets/Materials/Tree/AppleTree_03.lmat
/subRes/LayaScene/Conventional/Assets/Materials/tx_Star.lmat
/subRes/LayaScene/Conventional/Assets/Models/Cubo-Cubo.057_0.lm
/subRes/LayaScene/Conventional/Assets/Models/Enemy/ms_Enemy_01-BarrierEnemy-ms_Enemy_01Avatar.lav
/subRes/LayaScene/Conventional/Assets/Models/Enemy/ms_Enemy_01-ms_Enemy_01.lm
/subRes/LayaScene/Conventional/Assets/Models/Enemy/ms_Enemy_01-Take 001.lani
/subRes/LayaScene/Conventional/Assets/Models/Enemy/ms_Enemy_02-ms_Enemy_02_Part_02.lm
/subRes/LayaScene/Conventional/Assets/Models/Enemy/ms_Enemy_02-ms_Enemy_02_Part_03.lm
/subRes/LayaScene/Conventional/Assets/Models/Enemy/ms_Enemy_02-Part_01_ms_Enemy_02.lm
/subRes/LayaScene/Conventional/Assets/Models/Enemy-Cone.001.lm
/subRes/LayaScene/Conventional/Assets/Models/Enemy-Cone.002.lm
/subRes/LayaScene/Conventional/Assets/Models/Enemy-Cone.003.lm
/subRes/LayaScene/Conventional/Assets/Models/Enemy-Cone.004.lm
/subRes/LayaScene/Conventional/Assets/Models/Enemy-Cone.005.lm
/subRes/LayaScene/Conventional/Assets/Models/Enemy-Cone.lm
/subRes/LayaScene/Conventional/Assets/Models/Enemy-Sphere.lm
/subRes/LayaScene/Conventional/Assets/Models/Fence_End-Fence_End_0.lm
/subRes/LayaScene/Conventional/Assets/Models/Fence_Tile-Fence_Tile_0.lm
/subRes/LayaScene/Conventional/Assets/Models/Hat/hm_b13_head-b13_0.lm
/subRes/LayaScene/Conventional/Assets/Models/Hat/hm_b13_head-b13_1.lm
/subRes/LayaScene/Conventional/Assets/Models/Hat/hm_b13_head-b13_2.lm
/subRes/LayaScene/Conventional/Assets/Models/Hat/hm_b13_head-b13_4.lm
/subRes/LayaScene/Conventional/Assets/Models/Hat/hm_b18_head-b18_0.lm
/subRes/LayaScene/Conventional/Assets/Models/Hat/hm_b18_head-____002.lm
/subRes/LayaScene/Conventional/Assets/Models/Hat/hm_b1_head-Rabbit_Cap_0.lm
/subRes/LayaScene/Conventional/Assets/Models/Hat/hm_b1_head-Rabbit_Cap_1.lm
/subRes/LayaScene/Conventional/Assets/Models/Hat/hm_b22_head-StanHat_0.lm
/subRes/LayaScene/Conventional/Assets/Models/Hat/hm_b22_head-StanHat_1.lm
/subRes/LayaScene/Conventional/Assets/Models/Hat/hm_b23_head-witch_hat_0.lm
/subRes/LayaScene/Conventional/Assets/Models/Hat/hm_b23_head-witch_hat_1.lm
/subRes/LayaScene/Conventional/Assets/Models/Hat/hm_b23_head-witch_hat_2.lm
/subRes/LayaScene/Conventional/Assets/Models/Hat/hm_b3_head-b3_0.lm
/subRes/LayaScene/Conventional/Assets/Models/Hat/hm_b3_head-b3_1.lm
/subRes/LayaScene/Conventional/Assets/Models/Hat/hm_b3_head-b3_2.lm
/subRes/LayaScene/Conventional/Assets/Models/Hat/hm_b3_head-b3_3.lm
/subRes/LayaScene/Conventional/Assets/Models/House/Building-Building_0.lm
/subRes/LayaScene/Conventional/Assets/Models/House/Candy_Shop-Candy_Shop_0.lm
/subRes/LayaScene/Conventional/Assets/Models/House/Hotel-Hotel_0.lm
/subRes/LayaScene/Conventional/Assets/Models/House/House_1Room_Blue-House_1Room_Blue_0.lm
/subRes/LayaScene/Conventional/Assets/Models/House/House_1Room_Yellow-House_1Room_Yellow_0.lm
/subRes/LayaScene/Conventional/Assets/Models/House/House_3Rooms_Yellow-House_3Rooms_Yellow_0.lm
/subRes/LayaScene/Conventional/Assets/Models/House/Kiosk_Shop-Kiosk_Shop_0.lm
/subRes/LayaScene/Conventional/Assets/Models/House/Lighthouse-Lighthouse_0.lm
/subRes/LayaScene/Conventional/Assets/Models/House/Magig_Shop-Magig_Shop_0.lm
/subRes/LayaScene/Conventional/Assets/Models/House/PoliceStation-PoliceStation_0.lm
/subRes/LayaScene/Conventional/Assets/Models/House/Shop_Fashion-Shop_Fashion_0.lm
/subRes/LayaScene/Conventional/Assets/Models/House/Townhall-Townhall_0.lm
/subRes/LayaScene/Conventional/Assets/Models/House/Windmill-Windmill_0.lm
/subRes/LayaScene/Conventional/Assets/Models/Player/hm_player_01-Box001.lm
/subRes/LayaScene/Conventional/Assets/Models/Player/hm_player_01-daiji01.lani
/subRes/LayaScene/Conventional/Assets/Models/Player/hm_player_01-daiji02.lani
/subRes/LayaScene/Conventional/Assets/Models/Player/hm_player_01-pao02.lani
/subRes/LayaScene/Conventional/Assets/Models/Player/hm_player_01-Role-hm_player_01Avatar.lav
/subRes/LayaScene/Conventional/Assets/Models/Player/hm_player_01-shouji01.lani
/subRes/LayaScene/Conventional/Assets/Models/Player/hm_player_01-shouji02.lani
/subRes/LayaScene/Conventional/Assets/Models/Player/hm_player_01-zou01.lani
/subRes/LayaScene/Conventional/Assets/Models/pr_Coin-Cylinder.lm
/subRes/LayaScene/Conventional/Assets/Models/pr_dengzi-Box050.lm
/subRes/LayaScene/Conventional/Assets/Models/pr_dengzi-Cylinder014.lm
/subRes/LayaScene/Conventional/Assets/Models/pr_Diamond-pr_Diamond.lm
/subRes/LayaScene/Conventional/Assets/Models/pr_dianshi-Box084.lm
/subRes/LayaScene/Conventional/Assets/Models/pr_dianshi-Box085.lm
/subRes/LayaScene/Conventional/Assets/Models/pr_dianshi-Box086.lm
/subRes/LayaScene/Conventional/Assets/Models/pr_dianshi-____057.lm
/subRes/LayaScene/Conventional/Assets/Models/pr_Ejector-pr_Ejector.lm
/subRes/LayaScene/Conventional/Assets/Models/pr_Medicalkit-MedicalKit.lm
/subRes/LayaScene/Conventional/Assets/Models/pr_Shirt-Part_01_pr_Shirt.lm
/subRes/LayaScene/Conventional/Assets/Models/pr_Shirt-pr_Shirt_Part_02.lm
/subRes/LayaScene/Conventional/Assets/Models/pr_Shirt-pr_Shirt_Part_03.lm
/subRes/LayaScene/Conventional/Assets/Models/pr_Shoe-Part_01_pr_Shoe.lm
/subRes/LayaScene/Conventional/Assets/Models/pr_Shoe-pr_Shoe_Part_02.lm
/subRes/LayaScene/Conventional/Assets/Models/pr_Shoe-pr_Shoe_Part_03.lm
/subRes/LayaScene/Conventional/Assets/Models/pr_Shoe-pr_Shoe_Part_04.lm
/subRes/LayaScene/Conventional/Assets/Models/pr_Shoe-pr_Shoe_Part_05.lm
/subRes/LayaScene/Conventional/Assets/Models/pr_Sphere_01-pr_Sphere_01.lm
/subRes/LayaScene/Conventional/Assets/Models/pr_yinxiang-Box047.lm
/subRes/LayaScene/Conventional/Assets/Models/pr_yinxiang-Sphere008.lm
/subRes/LayaScene/Conventional/Assets/Models/pr_yinxiang-Sphere009.lm
/subRes/LayaScene/Conventional/Assets/Models/pr_yinxiang-Sphere010.lm
/subRes/LayaScene/Conventional/Assets/Models/pr_yinxiang-Sphere011.lm
/subRes/LayaScene/Conventional/Assets/Models/sc_AppleTree-Part_01_sc_AppleTree.lm
/subRes/LayaScene/Conventional/Assets/Models/sc_AppleTree-sc_AppleTree_Part_02.lm
/subRes/LayaScene/Conventional/Assets/Models/sc_AppleTree-sc_AppleTree_Part_03.lm
/subRes/LayaScene/Conventional/Assets/Models/sc_AppleTree-sc_AppleTree_Part_04.lm
/subRes/LayaScene/Conventional/Assets/Models/sc_Fence_01-sc_Fence__01.lm
/subRes/LayaScene/Conventional/Assets/Models/sc_Floor_01-sc_Floor_01.lm
/subRes/LayaScene/Conventional/Assets/Models/sc_Rock_02-Part_01-copy-copy-copy.lm
/subRes/LayaScene/Conventional/Assets/Models/sc_Rock_02-Part_01-copy-copy.lm
/subRes/LayaScene/Conventional/Assets/Models/sc_Rock_02-Part_01-copy.lm
/subRes/LayaScene/Conventional/Assets/Models/sc_Rock_02-Part_01.lm
/subRes/LayaScene/Conventional/Assets/Models/sc_Rock_02-Part_02-copy-copy-copy.lm
/subRes/LayaScene/Conventional/Assets/Models/sc_Rock_02-Part_02-copy-copy.lm
/subRes/LayaScene/Conventional/Assets/Models/sc_Rock_02-Part_02-copy.lm
/subRes/LayaScene/Conventional/Assets/Models/sc_Rock_02-Part_02.lm
/subRes/LayaScene/Conventional/Assets/Models/sc_Rock_02-Part_03-copy-copy-copy.lm
/subRes/LayaScene/Conventional/Assets/Models/sc_Rock_02-Part_03-copy-copy.lm
/subRes/LayaScene/Conventional/Assets/Models/sc_Rock_02-Part_03-copy.lm
/subRes/LayaScene/Conventional/Assets/Models/sc_Rock_02-Part_03.lm
/subRes/LayaScene/Conventional/Assets/Models/sc_Rock_02-Part_04-copy-copy-copy.lm
/subRes/LayaScene/Conventional/Assets/Models/sc_Rock_02-Part_04-copy-copy.lm
/subRes/LayaScene/Conventional/Assets/Models/sc_Rock_02-Part_04-copy.lm
/subRes/LayaScene/Conventional/Assets/Models/sc_Rock_02-Part_04.lm
/subRes/LayaScene/Conventional/Assets/Models/sc_Rock_02-Take 001.lani
/subRes/LayaScene/Conventional/Assets/Models/sc_Stab-Stab1.lm
/subRes/LayaScene/Conventional/Assets/Models/sc_Stab-Stab10.lm
/subRes/LayaScene/Conventional/Assets/Models/sc_Stab-Stab11.lm
/subRes/LayaScene/Conventional/Assets/Models/sc_Stab-Stab12.lm
/subRes/LayaScene/Conventional/Assets/Models/sc_Stab-Stab13.lm
/subRes/LayaScene/Conventional/Assets/Models/sc_Stab-Stab14.lm
/subRes/LayaScene/Conventional/Assets/Models/sc_Stab-Stab15.lm
/subRes/LayaScene/Conventional/Assets/Models/sc_Stab-Stab16.lm
/subRes/LayaScene/Conventional/Assets/Models/sc_Stab-Stab2.lm
/subRes/LayaScene/Conventional/Assets/Models/sc_Stab-Stab3.lm
/subRes/LayaScene/Conventional/Assets/Models/sc_Stab-Stab4.lm
/subRes/LayaScene/Conventional/Assets/Models/sc_Stab-Stab5.lm
/subRes/LayaScene/Conventional/Assets/Models/sc_Stab-Stab6.lm
/subRes/LayaScene/Conventional/Assets/Models/sc_Stab-Stab7.lm
/subRes/LayaScene/Conventional/Assets/Models/sc_Stab-Stab8.lm
/subRes/LayaScene/Conventional/Assets/Models/sc_Stab-Stab9.lm
/subRes/LayaScene/Conventional/Assets/Models/sc_Streetilight-Part_01.lm
/subRes/LayaScene/Conventional/Assets/Models/sc_Streetilight-Part_02.lm
/subRes/LayaScene/Conventional/Assets/Models/sc_Streetilight-Part_03.lm
/subRes/LayaScene/Conventional/Assets/Models/sc_Streetilight-Part_04.lm
/subRes/LayaScene/Conventional/Assets/Models/sc_Streetilight-Part_05.lm
/subRes/LayaScene/Conventional/Assets/Models/sc_Streetilight-sc_Streetilight-sc_StreetilightAvatar.lav
/subRes/LayaScene/Conventional/Assets/Texture2D/hm_Player_01.jpg
/subRes/LayaScene/Conventional/Assets/Texture2D/hm_Skin_02.jpg
/subRes/LayaScene/Conventional/Assets/Texture2D/hm_Skin_03.jpg
/subRes/LayaScene/Conventional/Assets/Texture2D/hm_Skin_04.jpg
/subRes/LayaScene/Conventional/Assets/Texture2D/hm_Skin_05.jpg
/subRes/LayaScene/Conventional/Assets/Texture2D/hm_Skin_06.jpg
/subRes/LayaScene/Conventional/Assets/Texture2D/hm_Skin_07.jpg
/subRes/LayaScene/Conventional/Assets/Texture2D/hm_Skin_08.jpg
/subRes/LayaScene/Conventional/Assets/Texture2D/ms_Enemy_01.png
/subRes/LayaScene/Conventional/Assets/Texture2D/pr_Box_01.jpg
/subRes/LayaScene/Conventional/Assets/Texture2D/pr_letter_01.jpg
/subRes/LayaScene/Conventional/Assets/Texture2D/pr_Medicalkit.jpg
/subRes/LayaScene/Conventional/Assets/Texture2D/sc_Colors_01.png
/subRes/LayaScene/Conventional/Assets/Texture2D/sc_Floor_01.png
/subRes/LayaScene/Conventional/Assets/Texture2D/sc_GlossyColors_01.png
/subRes/LayaScene/Conventional/Assets/Texture2D/sc_Ground_01.jpg
/subRes/LayaScene/Conventional/Assets/Texture2D/sc_Ground_02.jpg
/subRes/LayaScene/Conventional/Assets/Texture2D/sc_Ground_03.jpg
/subRes/LayaScene/Conventional/Assets/Texture2D/tx_Star.png
/subRes/LayaScene/Conventional/Library/unity default resources-Cube.lm
/subRes/LayaScene/Conventional/Library/unity default resources-Cylinder.lm
/subRes/LayaScene/Conventional/Library/unity default resources-Quad.lm
/subRes/LayaScene/Conventional/Resources/unity_builtin_extra.lmat
/subRes/LayaScene/Conventional/RoleShow.ls
/subRes/main.js
/subRes/sound/anniu.ogg
/subRes/sound/BGM.ogg
/subRes/sound/Coin.ogg
/subRes/sound/Drop.ogg
/subRes/sound/Fail.ogg
/subRes/sound/Shoot.ogg
/subRes/sound/Snake.ogg
/subRes/sound/Win.ogg
/subRes1/game.js
/subRes1/main.js
/unpack.json
/utils/wx/ald-game-conf.js
/utils/wx/ald-game.js
/version.json
/View/SkinTips.json
/View/Template/Export2ViewTemplate.json
/View/Template/Export3ViewTemplate.json
/View/Template/GameFailViewTemplate.json
/View/Template/GameWinViewTemplate.json
/View/Template/InGameViewTemplate.json
/View/Template/MainViewTemplate.json
/View/Template/MiniGameViewTemplate.json
/View/Template/WXCrazyClick.json